customer_message,type
"Hello, I am writing to inquire about the billing structure for the project management SaaS service. Could you provide more details on the pricing plans and any additional costs associated with the service? I would greatly appreciate information on any discounts available for long-term commitments or large teams. Additionally, it would be helpful to know about the setup fees and cancellation fees. Looking forward to hearing back from you with this information.",Request
"I am interested in learning more about the SaaS project management solution, particularly about the billing cycle and payment options. Could you provide information on the different plans available, including costs, discounts, and any long-term commitments? Additionally, I would appreciate an explanation of how the billing process works, including the methods of payment accepted. Also, are there any additional fees that I should be aware of? I look forward to hearing back from you with this information.",Request
Could you provide additional details on the invoicing options and payment processing for the SaaS project management tool?,Request
Can you provide information on the billing process and payment options for the SaaS project management service?,Request
Seeking details on pricing tiers and billing options for a SaaS project management tool. Would like to know about the different plans and their corresponding features. Could you explain the billing process and whether any discounts are available for long-term commitments? This information would help in making an informed decision regarding the use of the tool for project management needs.,Request
Is it possible to provide more information on the billing options for your project management SaaS?,Request
"I would like to inquire about the different payment options for annual subscription plans. Could you please share details regarding the available payment methods and any discounts that might be applicable? Additionally, I am interested in knowing if there are any extra charges or fees related to these annual plans.",Request
"Hello Customer Support, I am reaching out to inquire about the pricing options and billing cycles for our SaaS project management solution. Could you provide details on the different plans available, including any discounts or benefits for long-term commitments or bulk purchases? Additionally, I would appreciate information on the billing process, including the frequency of payments and any additional fees associated with the service. This information will help our team make an informed decision about implementing the solution. Thank you for your time and assistance. I look forward to hearing from you.",Request
Could you provide information on the billing setup for the project management SaaS platform? This would help me understand the costs so I can plan accordingly. I look forward to hearing back from you. Thank you for your assistance.,Request
"Dear Customer Support, I am contacting you to seek information on the payment methods accepted for our digital marketing services. Could you kindly share a list of the payment options available, such as credit cards, bank transfers, or online payment platforms? Furthermore, are there any special discounts or promotions for customers with long-term contracts? I would also appreciate details on the payment terms and any associated fees. Thank you for your time and assistance. I eagerly await your response. Best regards, [Your Name]",Request
"Customer Support, we are inquiring about the payment options for the billing of our SaaS project management software. Could you provide detailed information on the available plans, payment methods, and any potential discounts? We are interested in learning about the pricing structure that would best meet our specific needs. Additionally, we would appreciate any information on whether free trials or demos are available. Thank you for your assistance, and we look forward to hearing back soon.",Request
"Seeking clarification on the pricing plans and billing options for the project management SaaS service. Could you provide details on the different tiers and their respective features? It would be greatly appreciated if you could also clarify the available billing options, such as monthly and yearly subscriptions, as well as any discounts for long-term commitments. Additionally, are there any additional costs for support or implementation? I am looking to gain a better understanding of the total cost of ownership for the platform.",Request
"Hello, I am reaching out to inquire about the billing structure for our project management SaaS solution. Could you provide details on the pricing plans and any additional costs associated with the service? I would appreciate any information on discounts available for long-term commitments or large teams. Additionally, it would be helpful to know about the setup and cancellation fees. Thank you, and I look forward to hearing back with this information.",Request
I would like to know about the payment options for your medical data security services. Could you please share more details on the payment methods you offer?,Request
"Hello customer support, I would like to request information about the various payment methods accepted for our subscription plans. Could you please provide a list of the accepted payment options, such as credit cards, PayPal, or bank transfers? Additionally, I would appreciate it if you could inform me about any discounts available for long-term subscriptions. Before proceeding with a subscription, it is important for me to understand the payment terms. I look forward to your response and await further details. Kindly provide me with the necessary information or contact me at your convenience for a discussion.",Request
Could you kindly inform me about the payment options for the subscription plans? Any additional information would be appreciated.,Request
"Rechnungsstellenprobleme für mehrere Produkte. Mögliche Ursachen: Softwarefehler, Integrationsfehler. Konto-Einstellungen wurden bereits geprüft, Zahlungsmethoden aktualisiert, jedoch behält das Problem trotzdem bestehen.",Incident
"Billing issue with SaaS subscription. Recent configuration changes might have affected it. Already checked payment details and cleared browser cache, but the issue persists. Appreciate a quick response to address this and provide a solution. Please let us know if further information is needed to resolve the matter.",Incident
"Dear Support Team, our organization is encountering billing discrepancies for several products and services. There might be a mix-up in subscription renewals or payment processing mistakes causing this issue. We have already reviewed our billing records and reached out to customer support, but the problem remains unresolved. We kindly request your assistance in resolving this matter as soon as possible. Please inform us if any additional information is needed. Thank you for your prompt attention to this matter.",Incident
"I confirmed the payment schedules and examined the invoices, yet unpaid invoices still accrued unexpectedly, which might be due to a flaw in the billing system.",Incident
"Greetings from Customer Support. We have noted that you are experiencing errors in the billing system, which have resulted in incorrect charges across multiple products, affecting your subscription access. The issue might be due to a problem with the recent system integration updates. Despite your efforts to resolve the issue by reviewing transaction logs and contacting customer support, the problem persists. We would be greatly appreciative if you could look into this matter and provide a solution at your earliest convenience. Please inform us if you need any additional information from you.",Incident
Customers are experiencing difficulties accessing billing services following the recent software update and system migration.,Incident
"Hello Customer Support, I would like to draw your attention to the billing error that has resulted in overcharges for multiple digital products. This issue might have arisen due to system glitches following the last update. We have taken steps to resolve this, including reviewing the invoices and contacting customer support. However, the issue still persists. The overcharges have caused me inconvenience, and I would appreciate it if you could look into this matter urgently. I have already tried troubleshooting the problem by checking my account settings and payment history.",Incident
A billing discrepancy has been identified in the payment process for patient accounts and may have occurred due to system integration issues. We have reviewed the transaction logs and contacted the payment processor for clarity. Further investigation is needed to resolve the issue.,Incident
I am facing an unexpected issue with a payment failure on my ongoing subscription. It might be due to an expired credit card or incorrect billing info. I have reviewed my account settings and payment method but the issue still exists. Could you help me sort this out?,Incident
"Dear Customer Support, I have encountered an unexpected charge on my recent invoice and suspect it might be due to a billing system error. I have reviewed the contract terms and contacted support for clarification, but have not yet received a response. I would greatly appreciate it if you could look into the matter and provide a clear explanation of the charge. Please let us know if there is any additional information needed to resolve this issue. I look forward to hearing from you soon.",Incident
"I am encountering unanticipated billing problems with several of my products. Despite verifying my credentials, checking the payment gateway status, and restarting services, the issue could be caused by a payment gateway malfunction or a subscription synchronization problem. I would greatly appreciate your support in addressing this issue. Can you please help me determine the underlying cause and suggest a solution to avoid future problems?",Incident
"Billing errors have resulted in the issuance of invalid patient invoices, which occurred due to a system update, affecting data processing. Attempts to re-verify patient data and resend corrected invoices have not been successful. The issue persists, and we need your assistance to resolve it. Please help us identify the root cause and find a solution. We appreciate your swift action to address this matter and prevent potential damage to our patients' trust.",Incident
Multiple subscriptions are being billed incorrectly. I suspect there might be an issue with the payment gateway settings. I have already verified my account details and reviewed payment history.,Incident
"Dear Support Team, <br><br>I hope this message finds you well. I need to inform you about recurring payment disruptions for my subscriptions that occurred today. This might be linked to an underlying problem with the QuickBooks Online interface. Despite checking my account configurations and payment details, the issue remains unresolved. <br><br>I kindly request that you thoroughly examine the situation and offer a timely solution. If more information is required, please do not hesitate to reach out to me. <br><br>Thank you for your prompt attention to this matter. I eagerly await your response. <br><br>Sincerely, <br>[Your Name]",Incident
"A discrepancy occurred during the monthly reconciliation process, possibly due to system integration issues. Efforts to troubleshoot by reviewing recent software updates and transaction logs have not resolved the issue.",Incident
"Dear Customer Support, <br><br>I am inquiring about an issue I encountered today with several subscription payments that did not go through as expected. It is possible that a technical glitch with the QuickBooks Online integration caused this problem. I have already checked my account settings and payment details, but the issue continues. <br><br>Please look into this matter and provide a resolution at your earliest convenience. If you require any further information from me to address this, please inform me. <br><br>I appreciate your assistance and look forward to your response. Thank you for your time and effort. Sincerely, [Your Name]",Incident
"Die monatliche Abonnementgebühr wurde zweimal abgerechnet, was den Kontostand erheblich beeinträchtigt hat. Ich vermute, dass der Rechnungsabwicklungseinwand aufgrund eines Systemfehlers zurückzuführen ist. Ich habe bereits mit der Bank Kontakt aufgenommen und bestätigen lassen, dass es sich um eine doppelte Zahlung handelt. Ich schätze, dass Sie sich um diese Angelegenheit kümmern und den Fehler so schnell wie möglich korrigieren könnten.",Problem
"Dear Customer Service, I am writing to report an issue with my last invoice. I was unexpectedly charged for multiple software products, including Sophos Home and Microsoft Teams. This appears to be due to a billing error involving duplicate charges. Despite contacting your service to review the billing dates, the issue remains unresolved. I would greatly appreciate it if you could address this matter promptly and correct the billing error. Please let me know if you need any additional information to resolve the issue. I look forward to your call at your earliest convenience.",Problem
Noticing issues with the billing for my subscription services,Problem
"Hello, we have noted that you have received the latest campaign invoice. It might have been directed to your spam folder. We have checked and confirmed that the agency sent the invoice to your provided email address. We would greatly appreciate it if you could review the matter and provide the invoice at your earliest convenience. Please let us know if there are any additional steps needed to resolve this issue. Thank you for your assistance. We look forward to hearing from you soon.",Problem
Several payments for products have encountered difficulties that may be related to a problem with the payment processing system. I have reached out to my bank and reviewed the gateway configurations.,Problem
"Received an incorrect invoice due to a billing system glitch. Despite my attempts to reconcile the charges and contacting support, no resolution has been reached. I would appreciate it if you could look into the matter and provide a corrected invoice as soon as possible.",Problem
"I have noticed some discrepancies in my subscription invoices recently, which may be due to the recent system update. I have already checked my payment details and reached out to customer support, but no resolution has been found yet. I appreciate your prompt attention to this matter and look forward to a possible solution being offered soon. Please inform me if further details are needed to expedite the resolution process. Thank you for your assistance in resolving this issue.",Problem
"I noticed there were unexpected charges on my latest invoice for products I didn't use. I've reviewed my account settings and the invoice, yet the issue remains unresolved. I previously reached out to support. I suspect the problem could be related to an error in subscription synchronization. Please investigate and provide a solution.",Problem
Our company has encountered unanticipated billing inconsistencies with annual subscriptions. Efforts to address the problem have involved reviewing the billing history and reaching out to support.,Problem
Experiencing Billing Discrepancies,Problem
"Facing unanticipated billing inconsistencies across various services, which are affecting our digital strategy projects. It seems there might be a synchronization error leading to duplicate charges on subscriptions. After reviewing the billing records and contacting the service provider for further clarification, the issues still persist. I kindly request your assistance in resolving this matter.",Problem
"Facing unanticipated billing inconsistencies across digital strategy products. The issue seems to have started after the switch to the new accounting system, possibly due to integration issues. I have already reached out to customer support and reviewed the billing statements for clarity. I would greatly appreciate if you could look into this matter and provide a resolution at your earliest convenience.",Problem
"Facing issues with billing discrepancies on Smart-Tracker Memrise. The problem might be due to incorrect changes in the billing cycle. I have reviewed my payment records and verified my subscription settings, but I still need assistance to resolve this issue.",Problem
"Facing unanticipated billing inconsistencies across various software and hardware products. These issues might have arisen from recent updates to the payment processing systems. I have already checked my account statements and tried to resolve the discrepancies through customer support, but the problems still persist.",Problem
"I was charged twice during my monthly subscription billing cycle. This might have happened due to a system glitch causing overlapping transactions. I have already checked my payment methods and attempted to resubscribe, but the issue still persists. I would greatly appreciate if you could look into this matter and provide a refund for the extra charge as soon as possible. Please let me know if you need any additional information to resolve this issue.",Problem
"A billing error has been detected in the invoicing of subscription services across multiple platforms. There are system integration issues leading to inconsistent invoicing periods. The billing department has been contacted to seek clarity and find a solution, but no resolution has been obtained yet.",Problem
"Our organizational setup has evolved, necessitating an update to our billing details for accuracy. Additionally, we are interested in discovering new payment options. Could you help us through this transition?",Change
Please update the payment method for the marketing agency's software subscriptions at the earliest convenience.,Change
I am reaching out to request an update on the billing information related to our products and marketing digital strategies for brand growth initiatives. Could you please assist with this matter? I would greatly appreciate it if you could provide the necessary steps to update the billing information as soon as possible.,Change
"Please update billing data for optimized investment analysis tools, including relevant product subscriptions, to ensure uninterrupted service.",Change
Requesting an update to billing details for optimized investment analytics tools and related product subscriptions to ensure uninterrupted service.,Change
"Dear Customer Support, we are writing to request an update to our billing information in order to better align with our enhanced data analytics tools, which have recently been implemented as part of an investment optimization initiative. These tools have significantly improved our ability to track and analyze investments, and we believe that updating our billing information will enhance our overall experience. Could you please adjust our billing cycle to monthly payments instead of the current quarterly payments? Additionally, we would like to update our payment method to a credit card.",Change
"Dear Customer Support, I am writing to request an update to the billing information for our digital products. Our current system, while providing accurate tracking, is causing issues with financial management. I would like to optimize the billing process to ensure that charges are correct and payments are processed efficiently. Could you please assist with updating the billing information and provide a detailed explanation of the changes made? I would also appreciate any recommendations that could improve our financial management and tracking. Thank you for your time.",Change
Please update the billing system to support various subscription plans.,Change
Kindly update the billing integration for seamless payments.,Change
Please update billing details for Avast SendGrid to ensure uninterrupted access.,Change
"I am writing to request an update to the billing information for our digital strategy service offerings. Our company recently changed its payment methods, and we would like to ensure that the billing process runs smoothly. Could you please help us with a quick update to our billing information? We look forward to your prompt attention to this matter and appreciate your swift response with updates.",Change
Please update the payment method for the marketing agency's software subscriptions as soon as possible.,Change
"Hello Customer Support, I am reaching out to request support in adjusting the billing for various digital products. My goal is to enhance our brand's growth by optimizing our marketing strategies through appropriate pricing. I believe that the right pricing will better cater to our target audience and increase our market share. I would greatly appreciate it if you could review our current billing and provide recommendations for adjustments. This would greatly support our efforts to expand and improve our brand's online presence. I look forward to hearing from you soon to discuss this matter further.",Change
"Dear customer support, I am writing to request an update to my billing information in relation to payment preferences for software and hardware products used in marketing strategies. I would appreciate your assistance in making these changes. Specifically, I would like to update my credit card information and change my billing address. Additionally, I would like to set up automatic payments for my subscription services. Please let me know the steps I need to take to complete this process. I appreciate your help and look forward to it.",Change
I am inquiring about updating my billing details for various software and hardware subscriptions. I wish to modify my credit card information and residing address. Could you kindly provide me with the steps to do this and inform me if there are any associated fees? I appreciate your help and am eagerly awaiting your response. Thank you for your attention and support.,Change
"I would like to update my billing details for the multiple software and hardware products and services I subscribe to. Could you kindly provide me with the necessary steps to change my credit card and billing address? Also, please inform me if there are any additional costs involved in making this update. Thank you for your support and I look forward to your response.",Change
